sesID,bids_sesID,bids_subjID,subjID,raw,loraks_processed,dcm,dcm_processed,bidsdir,loraks_bids,LCPCA,LCPCA_distCorr,qMRI,QSMxT,nighres,relax_R2,r2prime,scanner,scanT
20251211,ses-01,sub-006,43502.a2,/data/pt_03187/data/in_vivo/source/43502.a2/20251211/raw,/data/pt_03187/data/in_vivo/source/43502.a2/20251211/nii_loraks_recon,/data/pt_03187/data/in_vivo/source/43502.a2/20251211/dcm,/data/pt_03187/data/in_vivo/source/40135.5a/20260319/nii,/data/pt_03187/data/in_vivo/bids/sub-006/ses-01/anat,/data/pt_03187/data/in_vivo/bids/derivatives/LORAKS/sub-006/ses-01/anat,/data/pt_03187/data/in_vivo/bids/derivatives/LORAKS/derivatives/LCPCA/sub-006/ses-01/anat,/data/pt_03187/data/in_vivo/bids/derivatives/LORAKS/derivatives/LCPCA_distCorr/sub-006/ses-01/anat,/data/pt_03187/data/in_vivo/bids/derivatives/LORAKS/derivatives/qMRI/sub-006/ses-01/anat,/data/pt_03187/data/in_vivo/bids/derivatives/LORAKS/derivatives/QSMxT/pdf_phaseMask/sub-006/ses-01/anat,/data/pt_03187/data/in_vivo/bids/derivatives/LORAKS/derivatives/nighres/sub-006/ses-01/anat,/data/pt_03187/data/in_vivo/bids/derivatives/relax_R2/sub-006/ses-01/anat,/data/pt_03187/data/in_vivo/bids/derivatives/r2prime/sub-006/ses-01/anat,Prisma_fit,3
20260319,ses-01,sub-007,36881.c9,/data/pt_03187/data/in_vivo/source/36881.c9/20260319/raw,/data/pt_03187/data/in_vivo/source/36881.c9/20260319/nii_loraks_recon,/data/pt_03187/data/in_vivo/source/36881.c9/20260319/dcm,/data/pt_03187/data/in_vivo/source/40135.5a/20260319/nii,/data/pt_03187/data/in_vivo/bids/sub-007/ses-01/anat,/data/pt_03187/data/in_vivo/bids/derivatives/LORAKS/sub-007/ses-01/anat,/data/pt_03187/data/in_vivo/bids/derivatives/LORAKS/derivatives/LCPCA/sub-007/ses-01/anat,/data/pt_03187/data/in_vivo/bids/derivatives/LORAKS/derivatives/LCPCA_distCorr/sub-007/ses-01/anat,/data/pt_03187/data/in_vivo/bids/derivatives/LORAKS/derivatives/qMRI/sub-007/ses-01/anat,/data/pt_03187/data/in_vivo/bids/derivatives/LORAKS/derivatives/QSMxT/pdf_phaseMask/sub-007/ses-01/anat,/data/pt_03187/data/in_vivo/bids/derivatives/LORAKS/derivatives/nighres/sub-007/ses-01/anat,/data/pt_03187/data/in_vivo/bids/derivatives/relax_R2/sub-007/ses-01/anat,/data/pt_03187/data/in_vivo/bids/derivatives/r2prime/sub-007/ses-01/anat,Prisma_fit,3
20260417,ses-02,sub-007,36881.c9,/data/pt_03187/data/in_vivo/source/36881.c9/20260417/raw,/data/pt_03187/data/in_vivo/source/36881.c9/20260417/nii_loraks_recon,/data/pt_03187/data/in_vivo/source/36881.c9/20260417/dcm,/data/pt_03187/data/in_vivo/source/36881.c9/20260417/dcm2niix,/data/pt_03187/data/in_vivo/bids/sub-007/ses-02/anat,/data/pt_03187/data/in_vivo/bids/derivatives/LORAKS/sub-007/ses-02/anat,/data/pt_03187/data/in_vivo/bids/derivatives/LORAKS/derivatives/LCPCA/sub-007/ses-02/anat,/data/pt_03187/data/in_vivo/bids/derivatives/LORAKS/derivatives/LCPCA_distCorr/sub-007/ses-02/anat,/data/pt_03187/data/in_vivo/bids/derivatives/LORAKS/derivatives/qMRI/sub-007/ses-02/anat,/data/pt_03187/data/in_vivo/bids/derivatives/LORAKS/derivatives/QSMxT/sub-007/ses-02/anat,/data/pt_03187/data/in_vivo/bids/derivatives/LORAKS/derivatives/nighres/sub-007/ses-02/anat,/data/pt_03187/data/in_vivo/bids/derivatives/relax_R2/sub-007/ses-02/anat,/data/pt_03187/data/in_vivo/bids/derivatives/r2prime/sub-007/ses-02/anat,MAGNETOM Terra.X,7
20260319,ses-01,sub-008,40135.5a,/data/pt_03187/data/in_vivo/source/40135.5a/20260319/raw,/data/pt_03187/data/in_vivo/source/40135.5a/20260319/nii_loraks_recon,/data/pt_03187/data/in_vivo/source/40135.5a/20260319/dcm,/data/pt_03187/data/in_vivo/source/40135.5a/20260319/nii,/data/pt_03187/data/in_vivo/bids/sub-008/ses-01/anat,/data/pt_03187/data/in_vivo/bids/derivatives/LORAKS/sub-008/ses-01/anat,/data/pt_03187/data/in_vivo/bids/derivatives/LORAKS/derivatives/LCPCA/sub-008/ses-01/anat,/data/pt_03187/data/in_vivo/bids/derivatives/LORAKS/derivatives/LCPCA_distCorr/sub-008/ses-01/anat,/data/pt_03187/data/in_vivo/bids/derivatives/LORAKS/derivatives/qMRI/sub-008/ses-01/anat,/data/pt_03187/data/in_vivo/bids/derivatives/LORAKS/derivatives/QSMxT/pdf_phaseMask/sub-008/ses-01/anat,/data/pt_03187/data/in_vivo/bids/derivatives/LORAKS/derivatives/nighres/sub-008/ses-01/anat,/data/pt_03187/data/in_vivo/bids/derivatives/relax_R2/sub-008/ses-01/anat,/data/pt_03187/data/in_vivo/bids/derivatives/r2prime/sub-008/ses-01/anat,Prisma_fit,3
20260421,ses-02,sub-008,40135.5a,/data/pt_03187/data/in_vivo/source/40135.5a/20260421/raw,/data/pt_03187/data/in_vivo/source/40135.5a/20260421/nii_loraks_recon,/data/pt_03187/data/in_vivo/source/40135.5a/20260421/dcm,/data/pt_03187/data/in_vivo/source/40135.5a/20260421/dcm2niix,/data/pt_03187/data/in_vivo/bids/sub-008/ses-02/anat,/data/pt_03187/data/in_vivo/bids/derivatives/LORAKS/sub-008/ses-02/anat,/data/pt_03187/data/in_vivo/bids/derivatives/LORAKS/derivatives/LCPCA/sub-008/ses-02/anat,/data/pt_03187/data/in_vivo/bids/derivatives/LORAKS/derivatives/LCPCA_distCorr/sub-008/ses-02/anat,/data/pt_03187/data/in_vivo/bids/derivatives/LORAKS/derivatives/qMRI/sub-008/ses-02/anat,/data/pt_03187/data/in_vivo/bids/derivatives/LORAKS/derivatives/QSMxT/sub-008/ses-02/anat,,/data/pt_03187/data/in_vivo/bids/derivatives/relax_R2/sub-008/ses-02/anat,,MAGNETOM Terra.X,7
20260327,ses-01,sub-009,42754.84,/data/pt_03187/data/in_vivo/source/42754.84/20260327/raw,/data/pt_03187/data/in_vivo/source/42754.84/20260327/nii_loraks_recon,/data/pt_03187/data/in_vivo/source/42754.84/20260327/dcm,/data/pt_03187/data/in_vivo/source/40135.5a/20260319/nii,/data/pt_03187/data/in_vivo/bids/sub-009/ses-01/anat,/data/pt_03187/data/in_vivo/bids/derivatives/LORAKS/sub-009/ses-01/anat,/data/pt_03187/data/in_vivo/bids/derivatives/LORAKS/derivatives/LCPCA/sub-009/ses-01/anat,/data/pt_03187/data/in_vivo/bids/derivatives/LORAKS/derivatives/LCPCA_distCorr/sub-009/ses-01/anat,/data/pt_03187/data/in_vivo/bids/derivatives/LORAKS/derivatives/qMRI/sub-009/ses-01/anat,/data/pt_03187/data/in_vivo/bids/derivatives/LORAKS/derivatives/QSMxT/pdf_phaseMask/sub-009/ses-01/anat,/data/pt_03187/data/in_vivo/bids/derivatives/LORAKS/derivatives/nighres/sub-009/ses-01/anat,/data/pt_03187/data/in_vivo/bids/derivatives/relax_R2/sub-009/ses-01/anat,/data/pt_03187/data/in_vivo/bids/derivatives/r2prime/sub-009/ses-01/anat,Prisma_fit,3
20260424,ses-02,sub-009,42754.84,/data/pt_03187/data/in_vivo/source/42754.84/20260424/raw,/data/pt_03187/data/in_vivo/source/42754.84/20260424/nii_loraks_recon,/data/pt_03187/data/in_vivo/source/42754.84/20260424/dcm,/data/pt_03187/data/in_vivo/source/42754.84/20260424/dcm2niix,/data/pt_03187/data/in_vivo/bids/sub-009/ses-02/anat,/data/pt_03187/data/in_vivo/bids/derivatives/LORAKS/sub-009/ses-02/anat,/data/pt_03187/data/in_vivo/bids/derivatives/LORAKS/derivatives/LCPCA/sub-009/ses-02/anat,/data/pt_03187/data/in_vivo/bids/derivatives/LORAKS/derivatives/LCPCA_distCorr/sub-009/ses-02/anat,/data/pt_03187/data/in_vivo/bids/derivatives/LORAKS/derivatives/qMRI/sub-009/ses-02/anat,/data/pt_03187/data/in_vivo/bids/derivatives/LORAKS/derivatives/QSMxT/sub-009/ses-02/anat,,/data/pt_03187/data/in_vivo/bids/derivatives/relax_R2/sub-009/ses-02/anat,,MAGNETOM Terra.X,7
20260318,ses-01,sub-010,41567.36,/data/pt_03187/data/in_vivo/source/41567.36/20260318/raw,/data/pt_03187/data/in_vivo/source/41567.36/20260318/nii_loraks_recon,/data/pt_03187/data/in_vivo/source/41567.36/20260318/dcm,/data/pt_03187/data/in_vivo/source/40135.5a/20260319/nii,/data/pt_03187/data/in_vivo/bids/sub-010/ses-01/anat,/data/pt_03187/data/in_vivo/bids/derivatives/LORAKS/sub-010/ses-01/anat,/data/pt_03187/data/in_vivo/bids/derivatives/LORAKS/derivatives/LCPCA/sub-010/ses-01/anat,/data/pt_03187/data/in_vivo/bids/derivatives/LORAKS/derivatives/LCPCA_distCorr/sub-010/ses-01/anat,/data/pt_03187/data/in_vivo/bids/derivatives/LORAKS/derivatives/qMRI/sub-010/ses-01/anat,/data/pt_03187/data/in_vivo/bids/derivatives/LORAKS/derivatives/QSMxT/pdf_phaseMask/sub-010/ses-01/anat,/data/pt_03187/data/in_vivo/bids/derivatives/LORAKS/derivatives/nighres/sub-010/ses-01/anat,/data/pt_03187/data/in_vivo/bids/derivatives/relax_R2/sub-010/ses-01/anat,/data/pt_03187/data/in_vivo/bids/derivatives/r2prime/sub-010/ses-01/anat,Prisma_fit,3
20260317,ses-01,sub-011,40108.fb,/data/pt_03187/data/in_vivo/source/40108.fb/20260317/raw,/data/pt_03187/data/in_vivo/source/40108.fb/20260317/nii_loraks_recon,/data/pt_03187/data/in_vivo/source/40108.fb/20260317/dcm,/data/pt_03187/data/in_vivo/source/40135.5a/20260319/nii,/data/pt_03187/data/in_vivo/bids/sub-011/ses-01/anat,/data/pt_03187/data/in_vivo/bids/derivatives/LORAKS/sub-011/ses-01/anat,/data/pt_03187/data/in_vivo/bids/derivatives/LORAKS/derivatives/LCPCA/sub-011/ses-01/anat,/data/pt_03187/data/in_vivo/bids/derivatives/LORAKS/derivatives/LCPCA_distCorr/sub-011/ses-01/anat,/data/pt_03187/data/in_vivo/bids/derivatives/LORAKS/derivatives/qMRI/sub-011/ses-01/anat,/data/pt_03187/data/in_vivo/bids/derivatives/LORAKS/derivatives/QSMxT/pdf_phaseMask/sub-011/ses-01/anat,/data/pt_03187/data/in_vivo/bids/derivatives/LORAKS/derivatives/nighres/sub-011/ses-01/anat,/data/pt_03187/data/in_vivo/bids/derivatives/relax_R2/sub-011/ses-01/anat,/data/pt_03187/data/in_vivo/bids/derivatives/r2prime/sub-011/ses-01/anat,Prisma_fit,3
20260417,ses-02,sub-011,40108.fb,/data/pt_03187/data/in_vivo/source/40108.fb/20260417/raw,/data/pt_03187/data/in_vivo/source/40108.fb/20260417/nii_loraks_recon,/data/pt_03187/data/in_vivo/source/40108.fb/20260417/dcm,/data/pt_03187/data/in_vivo/source/40108.fb/20260417/dcm2niix,/data/pt_03187/data/in_vivo/bids/sub-011/ses-02/anat,/data/pt_03187/data/in_vivo/bids/derivatives/LORAKS/sub-011/ses-02/anat,/data/pt_03187/data/in_vivo/bids/derivatives/LORAKS/derivatives/LCPCA/sub-011/ses-02/anat,/data/pt_03187/data/in_vivo/bids/derivatives/LORAKS/derivatives/LCPCA_distCorr/sub-011/ses-02/anat,/data/pt_03187/data/in_vivo/bids/derivatives/LORAKS/derivatives/qMRI/sub-011/ses-02/anat,/data/pt_03187/data/in_vivo/bids/derivatives/LORAKS/derivatives/QSMxT/sub-011/ses-02/anat,,/data/pt_03187/data/in_vivo/bids/derivatives/relax_R2/sub-011/ses-02/anat,,MAGNETOM Terra.X,7
20260323,ses-01,sub-012,38756.6d,/data/pt_03187/data/in_vivo/source/38756.6d/20260323/raw,/data/pt_03187/data/in_vivo/source/38756.6d/20260323/nii_loraks_recon,/data/pt_03187/data/in_vivo/source/38756.6d/20260323/dcm,/data/pt_03187/data/in_vivo/source/40135.5a/20260319/nii,/data/pt_03187/data/in_vivo/bids/sub-012/ses-01/anat,/data/pt_03187/data/in_vivo/bids/derivatives/LORAKS/sub-012/ses-01/anat,/data/pt_03187/data/in_vivo/bids/derivatives/LORAKS/derivatives/LCPCA/sub-012/ses-01/anat,/data/pt_03187/data/in_vivo/bids/derivatives/LORAKS/derivatives/LCPCA_distCorr/sub-012/ses-01/anat,/data/pt_03187/data/in_vivo/bids/derivatives/LORAKS/derivatives/qMRI/sub-012/ses-01/anat,/data/pt_03187/data/in_vivo/bids/derivatives/LORAKS/derivatives/QSMxT/pdf_phaseMask/sub-012/ses-01/anat,/data/pt_03187/data/in_vivo/bids/derivatives/LORAKS/derivatives/nighres/sub-012/ses-01/anat,/data/pt_03187/data/in_vivo/bids/derivatives/relax_R2/sub-012/ses-01/anat,/data/pt_03187/data/in_vivo/bids/derivatives/r2prime/sub-012/ses-01/anat,Prisma_fit,3
20260430,ses-02,sub-012,38756.6d,/data/pt_03187/data/in_vivo/source/38756.6d/20260430/raw,/data/pt_03187/data/in_vivo/source/38756.6d/20260430/nii_loraks_recon,/data/pt_03187/data/in_vivo/source/38756.6d/20260430/dcm,/data/pt_03187/data/in_vivo/source/38756.6d/20260430/dcm2niix,/data/pt_03187/data/in_vivo/bids/sub-012/ses-02/anat,/data/pt_03187/data/in_vivo/bids/derivatives/LORAKS/sub-012/ses-02/anat,/data/pt_03187/data/in_vivo/bids/derivatives/LORAKS/derivatives/LCPCA/sub-012/ses-02/anat,/data/pt_03187/data/in_vivo/bids/derivatives/LORAKS/derivatives/LCPCA_distCorr/sub-012/ses-02/anat,/data/pt_03187/data/in_vivo/bids/derivatives/LORAKS/derivatives/qMRI/sub-012/ses-02/anat,/data/pt_03187/data/in_vivo/bids/derivatives/LORAKS/derivatives/QSMxT/sub-012/ses-02/anat,,/data/pt_03187/data/in_vivo/bids/derivatives/relax_R2/sub-012/ses-02/anat,,MAGNETOM Terra.X,7
20260327,ses-01,sub-013,42298.19,/data/pt_03187/data/in_vivo/source/42298.19/20260327/raw,/data/pt_03187/data/in_vivo/source/42298.19/20260327/nii_loraks_recon,/data/pt_03187/data/in_vivo/source/42298.19/20260327/dcm,/data/pt_03187/data/in_vivo/source/40135.5a/20260319/nii,/data/pt_03187/data/in_vivo/bids/sub-013/ses-01/anat,/data/pt_03187/data/in_vivo/bids/derivatives/LORAKS/sub-013/ses-01/anat,/data/pt_03187/data/in_vivo/bids/derivatives/LORAKS/derivatives/LCPCA/sub-013/ses-01/anat,/data/pt_03187/data/in_vivo/bids/derivatives/LORAKS/derivatives/LCPCA_distCorr/sub-013/ses-01/anat,/data/pt_03187/data/in_vivo/bids/derivatives/LORAKS/derivatives/qMRI/sub-013/ses-01/anat,/data/pt_03187/data/in_vivo/bids/derivatives/LORAKS/derivatives/QSMxT/pdf_phaseMask/sub-013/ses-01/anat,/data/pt_03187/data/in_vivo/bids/derivatives/LORAKS/derivatives/nighres/sub-013/ses-01/anat,/data/pt_03187/data/in_vivo/bids/derivatives/relax_R2/sub-013/ses-01/anat,/data/pt_03187/data/in_vivo/bids/derivatives/r2prime/sub-013/ses-01/anat,Prisma_fit,3
20260430,ses-02,sub-013,42298.19,/data/pt_03187/data/in_vivo/source/42298.19/20260430/raw,/data/pt_03187/data/in_vivo/source/42298.19/20260430/nii_loraks_recon,/data/pt_03187/data/in_vivo/source/42298.19/20260430/dcm,/data/pt_03187/data/in_vivo/source/42298.19/20260430/dcm2niix,/data/pt_03187/data/in_vivo/bids/sub-013/ses-02/anat,/data/pt_03187/data/in_vivo/bids/derivatives/LORAKS/sub-013/ses-02/anat,/data/pt_03187/data/in_vivo/bids/derivatives/LORAKS/derivatives/LCPCA/sub-013/ses-02/anat,/data/pt_03187/data/in_vivo/bids/derivatives/LORAKS/derivatives/LCPCA_distCorr/sub-013/ses-02/anat,/data/pt_03187/data/in_vivo/bids/derivatives/LORAKS/derivatives/qMRI/sub-013/ses-02/anat,/data/pt_03187/data/in_vivo/bids/derivatives/LORAKS/derivatives/QSMxT/sub-013/ses-02/anat,,/data/pt_03187/data/in_vivo/bids/derivatives/relax_R2/sub-013/ses-02/anat,,MAGNETOM Terra.X,7
20260319,ses-01,sub-014,43469.55,/data/pt_03187/data/in_vivo/source/43469.55/20260319/raw,/data/pt_03187/data/in_vivo/source/43469.55/20260319/nii_loraks_recon,/data/pt_03187/data/in_vivo/source/43469.55/20260319/dcm,/data/pt_03187/data/in_vivo/source/40135.5a/20260319/nii,/data/pt_03187/data/in_vivo/bids/sub-014/ses-01/anat,/data/pt_03187/data/in_vivo/bids/derivatives/LORAKS/sub-014/ses-01/anat,/data/pt_03187/data/in_vivo/bids/derivatives/LORAKS/derivatives/LCPCA/sub-014/ses-01/anat,/data/pt_03187/data/in_vivo/bids/derivatives/LORAKS/derivatives/LCPCA_distCorr/sub-014/ses-01/anat,/data/pt_03187/data/in_vivo/bids/derivatives/LORAKS/derivatives/qMRI/sub-014/ses-01/anat,/data/pt_03187/data/in_vivo/bids/derivatives/LORAKS/derivatives/QSMxT/pdf_phaseMask/sub-014/ses-01/anat,/data/pt_03187/data/in_vivo/bids/derivatives/LORAKS/derivatives/nighres/sub-014/ses-01/anat,/data/pt_03187/data/in_vivo/bids/derivatives/relax_R2/sub-014/ses-01/anat,/data/pt_03187/data/in_vivo/bids/derivatives/r2prime/sub-014/ses-01/anat,Prisma_fit,3
20260421,ses-02,sub-014,43469.55,/data/pt_03187/data/in_vivo/source/43469.55/20260421/raw,/data/pt_03187/data/in_vivo/source/43469.55/20260421/nii_loraks_recon,/data/pt_03187/data/in_vivo/source/43469.55/20260421/dcm,/data/pt_03187/data/in_vivo/source/43469.55/20260421/dcm2niix,/data/pt_03187/data/in_vivo/bids/sub-014/ses-02/anat,/data/pt_03187/data/in_vivo/bids/derivatives/LORAKS/sub-014/ses-02/anat,/data/pt_03187/data/in_vivo/bids/derivatives/LORAKS/derivatives/LCPCA/sub-014/ses-02/anat,/data/pt_03187/data/in_vivo/bids/derivatives/LORAKS/derivatives/LCPCA_distCorr/sub-014/ses-02/anat,/data/pt_03187/data/in_vivo/bids/derivatives/LORAKS/derivatives/qMRI/sub-014/ses-02/anat,/data/pt_03187/data/in_vivo/bids/derivatives/LORAKS/derivatives/QSMxT/sub-014/ses-02/anat,,/data/pt_03187/data/in_vivo/bids/derivatives/relax_R2/sub-014/ses-02/anat,,MAGNETOM Terra.X,7
20260327,ses-01,sub-015,43516.49,/data/pt_03187/data/in_vivo/source/43516.49/20260327/raw,/data/pt_03187/data/in_vivo/source/43516.49/20260327/nii_loraks_recon,/data/pt_03187/data/in_vivo/source/43516.49/20260327/dcm,/data/pt_03187/data/in_vivo/source/40135.5a/20260319/nii,/data/pt_03187/data/in_vivo/bids/sub-015/ses-01/anat,/data/pt_03187/data/in_vivo/bids/derivatives/LORAKS/sub-015/ses-01/anat,/data/pt_03187/data/in_vivo/bids/derivatives/LORAKS/derivatives/LCPCA/sub-015/ses-01/anat,/data/pt_03187/data/in_vivo/bids/derivatives/LORAKS/derivatives/LCPCA_distCorr/sub-015/ses-01/anat,/data/pt_03187/data/in_vivo/bids/derivatives/LORAKS/derivatives/qMRI/sub-015/ses-01/anat,/data/pt_03187/data/in_vivo/bids/derivatives/LORAKS/derivatives/QSMxT/pdf_phaseMask/sub-015/ses-01/anat,/data/pt_03187/data/in_vivo/bids/derivatives/LORAKS/derivatives/nighres/sub-015/ses-01/anat,/data/pt_03187/data/in_vivo/bids/derivatives/relax_R2/sub-015/ses-01/anat,/data/pt_03187/data/in_vivo/bids/derivatives/r2prime/sub-015/ses-01/anat,Prisma_fit,3
20260428,ses-02,sub-015,43516.49,/data/pt_03187/data/in_vivo/source/43516.49/20260428/raw,/data/pt_03187/data/in_vivo/source/43516.49/20260428/nii_loraks_recon,/data/pt_03187/data/in_vivo/source/43516.49/20260428/dcm,/data/pt_03187/data/in_vivo/source/43516.49/20260428/dcm2niix,/data/pt_03187/data/in_vivo/bids/sub-015/ses-02/anat,/data/pt_03187/data/in_vivo/bids/derivatives/LORAKS/sub-015/ses-02/anat,/data/pt_03187/data/in_vivo/bids/derivatives/LORAKS/derivatives/LCPCA/sub-015/ses-02/anat,/data/pt_03187/data/in_vivo/bids/derivatives/LORAKS/derivatives/LCPCA_distCorr/sub-015/ses-02/anat,/data/pt_03187/data/in_vivo/bids/derivatives/LORAKS/derivatives/qMRI/sub-015/ses-02/anat,/data/pt_03187/data/in_vivo/bids/derivatives/LORAKS/derivatives/QSMxT/sub-015/ses-02/anat,,/data/pt_03187/data/in_vivo/bids/derivatives/relax_R2/sub-015/ses-02/anat,,MAGNETOM Terra.X,7
20260325,ses-01,sub-016,39621.7d,/data/pt_03187/data/in_vivo/source/39621.7d/20260325/raw,/data/pt_03187/data/in_vivo/source/39621.7d/20260325/nii_loraks_recon,/data/pt_03187/data/in_vivo/source/39621.7d/20260325/dcm,/data/pt_03187/data/in_vivo/source/40135.5a/20260319/nii,/data/pt_03187/data/in_vivo/bids/sub-016/ses-01/anat,/data/pt_03187/data/in_vivo/bids/derivatives/LORAKS/sub-016/ses-01/anat,/data/pt_03187/data/in_vivo/bids/derivatives/LORAKS/derivatives/LCPCA/sub-016/ses-01/anat,/data/pt_03187/data/in_vivo/bids/derivatives/LORAKS/derivatives/LCPCA_distCorr/sub-016/ses-01/anat,/data/pt_03187/data/in_vivo/bids/derivatives/LORAKS/derivatives/qMRI/sub-016/ses-01/anat,/data/pt_03187/data/in_vivo/bids/derivatives/LORAKS/derivatives/QSMxT/pdf_phaseMask/sub-016/ses-01/anat,/data/pt_03187/data/in_vivo/bids/derivatives/LORAKS/derivatives/nighres/sub-016/ses-01/anat,/data/pt_03187/data/in_vivo/bids/derivatives/relax_R2/sub-016/ses-01/anat,/data/pt_03187/data/in_vivo/bids/derivatives/r2prime/sub-016/ses-01/anat,Prisma_fit,3
20260427,ses-02,sub-016,39621.7d,/data/pt_03187/data/in_vivo/source/39621.7d/20260427/raw,/data/pt_03187/data/in_vivo/source/39621.7d/20260427/nii_loraks_recon,/data/pt_03187/data/in_vivo/source/39621.7d/20260427/dcm,/data/pt_03187/data/in_vivo/source/39621.7d/20260427/dcm2niix,/data/pt_03187/data/in_vivo/bids/sub-016/ses-02/anat,/data/pt_03187/data/in_vivo/bids/derivatives/LORAKS/sub-016/ses-02/anat,/data/pt_03187/data/in_vivo/bids/derivatives/LORAKS/derivatives/LCPCA/sub-016/ses-02/anat,/data/pt_03187/data/in_vivo/bids/derivatives/LORAKS/derivatives/LCPCA_distCorr/sub-016/ses-02/anat,/data/pt_03187/data/in_vivo/bids/derivatives/LORAKS/derivatives/qMRI/sub-016/ses-02/anat,/data/pt_03187/data/in_vivo/bids/derivatives/LORAKS/derivatives/QSMxT/sub-016/ses-02/anat,,/data/pt_03187/data/in_vivo/bids/derivatives/relax_R2/sub-016/ses-02/anat,,MAGNETOM Terra.X,7
20260413,ses-01,sub-017,43798.f3,/data/pt_03187/data/in_vivo/source/43798.f3/20260413/raw,/data/pt_03187/data/in_vivo/source/43798.f3/20260413/nii_loraks_recon,/data/pt_03187/data/in_vivo/source/43798.f3/20260413/dcm,/data/pt_03187/data/in_vivo/source/40135.5a/20260319/nii,/data/pt_03187/data/in_vivo/bids/sub-017/ses-01/anat,/data/pt_03187/data/in_vivo/bids/derivatives/LORAKS/sub-017/ses-01/anat,/data/pt_03187/data/in_vivo/bids/derivatives/LORAKS/derivatives/LCPCA/sub-017/ses-01/anat,/data/pt_03187/data/in_vivo/bids/derivatives/LORAKS/derivatives/LCPCA_distCorr/sub-017/ses-01/anat,/data/pt_03187/data/in_vivo/bids/derivatives/LORAKS/derivatives/qMRI/sub-017/ses-01/anat,/data/pt_03187/data/in_vivo/bids/derivatives/LORAKS/derivatives/QSMxT/pdf_phaseMask/sub-017/ses-01/anat,/data/pt_03187/data/in_vivo/bids/derivatives/LORAKS/derivatives/nighres/sub-017/ses-01/anat,/data/pt_03187/data/in_vivo/bids/derivatives/relax_R2/sub-017/ses-01/anat,/data/pt_03187/data/in_vivo/bids/derivatives/r2prime/sub-017/ses-01/anat,Prisma_fit,3
20260518,ses-02,sub-017,43798.f3,/data/pt_03187/data/in_vivo/source/43798.f3/20260518/raw,/data/pt_03187/data/in_vivo/source/43798.f3/20260518/nii_loraks_recon,/data/pt_03187/data/in_vivo/source/43798.f3/20260518/dcm,/data/pt_03187/data/in_vivo/source/43798.f3/20260518/dcm2niix,/data/pt_03187/data/in_vivo/bids/sub-017/ses-02/anat,/data/pt_03187/data/in_vivo/bids/derivatives/LORAKS/sub-017/ses-02/anat,/data/pt_03187/data/in_vivo/bids/derivatives/LORAKS/derivatives/LCPCA/sub-017/ses-02/anat,/data/pt_03187/data/in_vivo/bids/derivatives/LORAKS/derivatives/LCPCA_distCorr/sub-017/ses-02/anat,/data/pt_03187/data/in_vivo/bids/derivatives/LORAKS/derivatives/qMRI/sub-017/ses-02/anat,/data/pt_03187/data/in_vivo/bids/derivatives/LORAKS/derivatives/QSMxT/sub-017/ses-02/anat,,/data/pt_03187/data/in_vivo/bids/derivatives/relax_R2/sub-017/ses-02/anat,,MAGNETOM Terra.X,7
20260420,ses-01,sub-018,43559.9e,/data/pt_03187/data/in_vivo/source/43559.9e/20260420/raw,/data/pt_03187/data/in_vivo/source/43559.9e/20260420/nii_loraks_recon,/data/pt_03187/data/in_vivo/source/43559.9e/20260420/dcm,/data/pt_03187/data/in_vivo/source/40135.5a/20260319/nii,/data/pt_03187/data/in_vivo/bids/sub-018/ses-01/anat,/data/pt_03187/data/in_vivo/bids/derivatives/LORAKS/sub-018/ses-01/anat,/data/pt_03187/data/in_vivo/bids/derivatives/LORAKS/derivatives/LCPCA/sub-018/ses-01/anat,/data/pt_03187/data/in_vivo/bids/derivatives/LORAKS/derivatives/LCPCA_distCorr/sub-018/ses-01/anat,/data/pt_03187/data/in_vivo/bids/derivatives/LORAKS/derivatives/qMRI/sub-018/ses-01/anat,/data/pt_03187/data/in_vivo/bids/derivatives/LORAKS/derivatives/QSMxT/pdf_phaseMask/sub-018/ses-01/anat,/data/pt_03187/data/in_vivo/bids/derivatives/LORAKS/derivatives/nighres/sub-018/ses-01/anat,/data/pt_03187/data/in_vivo/bids/derivatives/relax_R2/sub-018/ses-01/anat,/data/pt_03187/data/in_vivo/bids/derivatives/r2prime/sub-018/ses-01/anat,Prisma_fit,3
20260408,ses-01,sub-019,40133.ff,/data/pt_03187/data/in_vivo/source/40133.ff/20260408/raw,/data/pt_03187/data/in_vivo/source/40133.ff/20260408/nii_loraks_recon,/data/pt_03187/data/in_vivo/source/40133.ff/20260408/dcm,/data/pt_03187/data/in_vivo/source/40135.5a/20260319/nii,/data/pt_03187/data/in_vivo/bids/sub-019/ses-01/anat,/data/pt_03187/data/in_vivo/bids/derivatives/LORAKS/sub-019/ses-01/anat,/data/pt_03187/data/in_vivo/bids/derivatives/LORAKS/derivatives/LCPCA/sub-019/ses-01/anat,/data/pt_03187/data/in_vivo/bids/derivatives/LORAKS/derivatives/LCPCA_distCorr/sub-019/ses-01/anat,/data/pt_03187/data/in_vivo/bids/derivatives/LORAKS/derivatives/qMRI/sub-019/ses-01/anat,/data/pt_03187/data/in_vivo/bids/derivatives/LORAKS/derivatives/QSMxT/pdf_phaseMask/sub-019/ses-01/anat,/data/pt_03187/data/in_vivo/bids/derivatives/LORAKS/derivatives/nighres/sub-019/ses-01/anat,/data/pt_03187/data/in_vivo/bids/derivatives/relax_R2/sub-019/ses-01/anat,/data/pt_03187/data/in_vivo/bids/derivatives/r2prime/sub-019/ses-01/anat,Prisma_fit,3
20260409,ses-01,sub-020,34985.ec,/data/pt_03187/data/in_vivo/source/34985.ec/20260409/raw,/data/pt_03187/data/in_vivo/source/34985.ec/20260409/nii_loraks_recon,/data/pt_03187/data/in_vivo/source/34985.ec/20260409/dcm,/data/pt_03187/data/in_vivo/source/40135.5a/20260319/nii,/data/pt_03187/data/in_vivo/bids/sub-020/ses-01/anat,/data/pt_03187/data/in_vivo/bids/derivatives/LORAKS/sub-020/ses-01/anat,/data/pt_03187/data/in_vivo/bids/derivatives/LORAKS/derivatives/LCPCA/sub-020/ses-01/anat,/data/pt_03187/data/in_vivo/bids/derivatives/LORAKS/derivatives/LCPCA_distCorr/sub-020/ses-01/anat,/data/pt_03187/data/in_vivo/bids/derivatives/LORAKS/derivatives/qMRI/sub-020/ses-01/anat,/data/pt_03187/data/in_vivo/bids/derivatives/LORAKS/derivatives/QSMxT/pdf_phaseMask/sub-020/ses-01/anat,,/data/pt_03187/data/in_vivo/bids/derivatives/relax_R2/sub-020/ses-01/anat,/data/pt_03187/data/in_vivo/bids/derivatives/r2prime/sub-020/ses-01/anat,Prisma_fit,3
20260507,ses-02,sub-020,34985.ec,/data/pt_03187/data/in_vivo/source/34985.ec/20260507/raw,/data/pt_03187/data/in_vivo/source/34985.ec/20260507/nii_loraks_recon,/data/pt_03187/data/in_vivo/source/34985.ec/20260507/dcm,/data/pt_03187/data/in_vivo/source/34985.ec/20260507/dcm2niix,/data/pt_03187/data/in_vivo/bids/sub-020/ses-02/anat,/data/pt_03187/data/in_vivo/bids/derivatives/LORAKS/sub-020/ses-02/anat,/data/pt_03187/data/in_vivo/bids/derivatives/LORAKS/derivatives/LCPCA/sub-020/ses-02/anat,/data/pt_03187/data/in_vivo/bids/derivatives/LORAKS/derivatives/LCPCA_distCorr/sub-020/ses-02/anat,/data/pt_03187/data/in_vivo/bids/derivatives/LORAKS/derivatives/qMRI/sub-020/ses-02/anat,/data/pt_03187/data/in_vivo/bids/derivatives/LORAKS/derivatives/QSMxT/sub-020/ses-02/anat,,/data/pt_03187/data/in_vivo/bids/derivatives/relax_R2/sub-020/ses-02/anat,,MAGNETOM Terra.X,7
